{"nodeUid":null,"nodeLabels":["*"],"nodeProperties":{"database":[{"property":"_created","title":"Created","dataType":"datetime","hidden":false,"formatString":"YYYY-MM-DD hh:mm:ss","inputRestrictions":{"mandatory":false,"readOnly":true}},{"property":"_updated","title":"Updated","dataType":"datetime","hidden":false,"formatString":"YYYY-MM-DD hh:mm:ss","inputRestrictions":{"mandatory":false,"readOnly":true}},{"property":"_numOfRelations","title":"Num Of Relations","dataType":"number","hidden":false,"formatString":"0","inputRestrictions":{"mandatory":false,"readOnly":true}},{"property":"_numOfHiddenRelationships","title":"Num Of Hidden Relationships","dataType":"number","hidden":false,"formatString":"0","inputRestrictions":{"mandatory":false,"readOnly":true}}],"virtual":[]},"nodePropertyGroups":[],"relationshipUid":null,"relationshipTypes":["*"],"relProperties":{"database":[{"property":"_created","title":"Created","dataType":"datetime","hidden":false,"formatString":"YYYY-MM-DD hh:mm:ss","inputRestrictions":{"mandatory":false,"readOnly":true}},{"property":"_updated","title":"Updated","dataType":"datetime","hidden":false,"formatString":"YYYY-MM-DD hh:mm:ss","inputRestrictions":{"mandatory":false,"readOnly":true}}],"virtual":[]},"mergedRelProperties":[{"property":"num_of_merged","title":"Num Of Merged Relationships","dataType":"number","dataRole":"metric","formatString":"0,000","formula":"return edges.length;","hidden":false}],"dirMergedRelProperties":[{"property":"num_of_merged","title":"Num Of Merged Relationships","dataType":"number","dataRole":"metric","formatString":"0,000","formula":"return edges.length;","hidden":false}],"calculateNumOfRelatedNodes":true,"calculateNumOfRelations":true}