[
    {
      "id": "dirMergedEdges_line_color_num_of_merged_default",
      "title": "Num Of Merged Relationships",
      "group": "dirMergedEdges",
      "mapperType": "linear",
      "property": "num_of_merged",
      "styleProperty": "line_color",
      "mapping": {
        "minValue": "#ccc",
        "maxValue": "#f00",
        "_undefined_": "#000"
      }
    },
    {
      "id": "mergedEdges_line_color_num_of_merged_default",
      "title": "Num Of Merged Relationships",
      "group": "mergedEdges",
      "mapperType": "linear",
      "property": "num_of_merged",
      "styleProperty": "line_color",
      "mapping": {
        "minValue": "#ccc",
        "maxValue": "#f00",
        "_undefined_": "#000"
      }
    },
    {
      "id": "dirMergedEdges_width_num_of_merged_default",
      "title": "Num Of Merged Relationships",
      "group": "dirMergedEdges",
      "mapperType": "linear",
      "property": "num_of_merged",
      "styleProperty": "width",
      "mapping": {
        "minValue": 1,
        "maxValue": 20,
        "_undefined_": 1
      }
    },
    {
      "id": "mergedEdges_width_num_of_merged_default",
      "title": "Num Of Merged Relationships",
      "group": "mergedEdges",
      "mapperType": "linear",
      "property": "num_of_merged",
      "styleProperty": "width",
      "mapping": {
        "minValue": 1,
        "maxValue": 20,
        "_undefined_": 1
      }
    },
    {
      "id": "nodes_border_color__numOfHiddenRelationships_default",
      "title": "Num Of Hidden Relationships",
      "property": "_numOfHiddenRelationships",
      "group": "nodes",
      "styleProperty": "border_color",
      "mapperType": "discrete",
      "mapping": {
        "0": "#c8c8c8",
        "_notMapped_": "#00b0f0",
        "_undefined_": "#c8c8c8"
      }
    },
    {
      "id": "nodes_background_color__numOfHiddenRelationships_default",
      "title": "Num Of Hidden Relationships",
      "property": "_numOfHiddenRelationships",
      "group": "nodes",
      "styleProperty": "background_color",
      "mapperType": "discrete",
      "mapping": {
        "0": "#d8d8d8",
        "_notMapped_": "#ffffff",
        "_undefined_": "#c8c8c8"
      }
    },
    {
      "id": "nodes_border_width__numOfHiddenRelationships_default",
      "title": "Num Of Hidden Relationships",
      "property": "_numOfHiddenRelationships",
      "group": "nodes",
      "styleProperty": "border_width",
      "mapperType": "discrete",
      "mapping": {
        "0": 2,
        "_notMapped_": 4,
        "_undefined_": 1
      }
    },
    {
      "id": "nodes_size__numOfRelations_default",
      "title": "Num Of Relationships",
      "property": "_numOfRelations",
      "group": "nodes",
      "styleProperty": "size",
      "mapperType": "linear",
      "mapping": {
        "minValue": 10,
        "maxValue": 40,
        "_undefined_": 5
      }
    }
  ]