[
    {
      "id": "_default",
      "title": "Default View",
      "view": {
        "fontSize": "_default_",
        "nodes": {
          "style": "color",
          "titleProperty": "_dbLabels",
          "mappers": {
            "background_color": {
              "id": "nodes_background_color__numOfHiddenRelationships_default"
            },
            "border_width": {
              "id": "nodes_border_width__numOfHiddenRelationships_default"
            },
            "border_color": {
              "id": "nodes_border_color__numOfHiddenRelationships_default"
            },
            "size": {
              "id": "nodes_size__numOfRelations_default"
            }
          }
        },
        "rels": {
          "style": true,
          "model": "edges",
          "titleProperty": "_dbRelType",
          "mappers": {
          }
        }
      }
    }
  ]