{"exploringFilter":{"maxNodesToExplore":2000,"maxNodesFromExploring":50000,"nodes":{"type":"noFilter"},"edges":{"type":"noFilter"},"showFilter":{"behavior":"large","minNodes":50,"minEdges":50}},"relationshipModel":"edges","nodeTitleProp":"_dbLabels","relTitleProp":"_dbRelType","nodeSnippetProps":[],"nodeFilterProps":[],"mappers":{"nodes":{"background_color":{"id":"nodes_background_color__numOfHiddenRelationships_default"},"border_width":{"id":"nodes_border_width__numOfHiddenRelationships_default"},"border_color":{"id":"nodes_border_color__numOfHiddenRelationships_default"},"size":{"id":"nodes_size__numOfRelations_default"}},"rels":{}},"arrowRendering":{"edges":true,"mergedEdges":true,"dirMergedEdges":true},"selections":{"mode":"LASSO","polygonColor":"#CCC","selectedStateColor":"#1D8ECE"},"shortestPath":{"maxLength":15,"maxNumOfPaths":15,"direction":"BOTH"},"nodeTooltipProps":[{"property":"_numOfRelations"},{"property":"_numOfHiddenRelationships"}],"relTooltipProps":[],"mergedRelTooltipProps":[{"property":"num_of_merged"}],"dirMergedRelTooltipProps":[{"property":"num_of_merged"}],"timeline":{"isOn":false,"startDateProperty":"node_property","endDateProperty":"other_or_the_same_node_property","dateFormat":"YYYY-MM-DD","interval":604800000,"ranges":[{"title":"Last 1 year","range":31536000000},{"title":"Last 5 years","range":157766400000},{"title":"Last 10 years","range":315532800000},{"title":"Last 20 years","range":631152000000}]}}